{"cameraMode":{"drawMode":0,"name":"Shaded","section":"Shading Mode"},"sceneLighting":true,"audioPlay":false,"sceneViewState":{"showFog":true,"showMaterialUpdate":false,"showSkybox":true,"showFlares":true,"showImageEffects":true,"showParticleSystems":true},"in2DMode":false,"pivot":{"x":0.1889539361000061,"y":-0.5380020141601563,"z":-0.93483567237854},"rotation":{"x":0.00004204507786198519,"y":0.9902447462081909,"z":-0.1393551528453827,"w":0.00029790896223858},"size":4.807394981384277,"orthographic":false}